Advanced Solars,1376519804000
Applied Energistics,1376522005000
BiblioCraft,1376522058000
Binnies Mods,1376523249000
Buildcraft 3,1376013310000
Charge Pads,1376523434000
ChickenChunks,1371995821000
CoFHCore,1376191750000
Compact Solars,1369443413000
ComputerCraft,1373225406000
Dartcraft,1376013491000
Den Pipes,1376523781000
Ender Storage,1374093405000
Equal Exchange 3,1376523011000
Extra Utilities,1376524850000
Forestry,1376523588000
IndustrialCraft 2,1376524224000
Inventory Tweaks,1376524227000
Iron Chests,1372981497000
Logistics Pipes,1376524312000
MFFS,1373923165000
Magic Bees,1376524328000
Minefactory Reloaded,1372222499000
Misc Peripherals,1371981377000
Mystcraft,1372222348000
Natura,1376524512000
Not Enough Items,1372367887000
Nuclear Control,1373075321000
OmniTools,1374648856000
Railcraft,1376524635000
Steves Carts,1376524668000
Thaumcraft 3,1376525237000
Thermal Expansion,1376528472000
Tinker Construct,1376525200000
Twilight Forest,1366740915000
XReliquary,1376524946000
Soul Shards,1376532893000
Wireless Redstone CBE,1376534385000
Factorization,1372220636000
Forge MultiPart,1376536263000
OpenPeripheral,1376524555000
Biomes O Plenty,1376522349000
Nether Ores,1376524537000
Underground Biomes,1370963220000
Power Converters,1372349782000
Advanced Machines Atomic,1376013085000
Aether,1376013142000
GregTech,1376524050000
